
{
 "session": {
   "sessionId": "SessionId.c1909936-364a-4dd2-9b6f-a65eaec2acef",
   "application": {
     "applicationId": "amzn1.echo-sdk-ams.app.b63adaab-617d-4730-9012-eae8c8a904af"
   },
   "user": {
     "userId": "amzn1.echo-sdk-account.AFDJIHN5RAR3BOTFFSTQA66M5MQ76GA2NMPABQLSXYBZFWJ7TZUMC"
   },
   "new": true
 },
 "request": {
   "type": "IntentRequest",
   "requestId": "EdwRequestId.d0ccc6fe-d101-42dc-bc94-7f14006dfbfa",
   "timestamp": "2016-03-05T16:21:29Z",
   "intent": {
     "name": "SearchEventsByType",
     "slots": {
       "EventDate": {
         "name": "EventDate",
         "value": "2016-SU"
       },
       "EventType": {
         "name": "EventType",
         "value": "jazz festival"
       }
     }
   }
 }
}
